symbol,window_size_mean,drift_degree,step_mean,time_series,p_norm,cumulant_1_mean,error_cumulant_1_mean,tfs_param_mean,error_tfs_param_mean,drift_coefficient_0_mean,error_drift_coefficient_0_mean,average_error_mean,window_size_variance,step_variance,cumulant_1_variance,error_cumulant_1_variance,cumulant_2_variance,error_cumulant_2_variance,tfs_param_variance,error_tfs_param_variance,drift_coefficient_1_variance,error_drift_coefficient_1_variance,average_error_variance
AUD=X,157,0,4239,absolute log-return,1,-2.5560674310634526e-06,3.807335273038456e-07,0.0019068343256954793,0.0003014341734630345,-1.0469044732006277e-05,0.0017136729649974453,0.0010611938631511512,157,4239,-0.26230419546484884,131148.84513843915,-4.69702465836211e-05,2.692020033804739e-05,1.9093984827109933e-05,9.546747492202602,-147.0653999096278,73530726.1329797,0.5445641001693948
AUD=X,209,0,4389,log-return,1,6.859242820988067e-08,2.0947944040027537e-08,-2.893166578786959e-05,1.590564769191126e-05,9.045789246056599e-07,8.966090946942674e-05,5.552345940946508e-05,157,4239,0.23189684553528442,149388.96620145312,-4.736626812367821e-05,4.1574303851709315e-05,-2.1772108235360295e-05,14.02567035923013,130.52076832317843,84081823.22169681,0.5510894082723689
AUD=X,210,0,4200,log-return volatility,1,-2.2945202118777357e-05,2.850619039349086e-06,0.029762753775537585,0.0019776573925545833,0.008734979002317341,0.010989009259290063,0.16596460102654764,157,4239,1.0954898412715453,879778.8972425131,-0.00018743788463873603,7.613036429995968e-05,-1.7993885720117142e-05,14.450740953537743,718.9421414228449,577376350.1029786,2.508777936451317
BHDUSD=X,201,0,5025,absolute log-return,1,-1.9668535039756847e-06,1.2713939387202572e-07,0.004504842701352793,0.00023350923558184742,-0.023263349712840418,0.001485317698300249,0.442003644543968,210,5040,0.0064861452377343665,472.2517746563181,-1.2964707167498805e-06,4.719495973237068e-06,-2.5780602560635736e-05,1.8779881835143863,1.0508316726620583,76489.45078478135,0.004344861345317732
BHDUSD=X,167,0,5010,log-return,1,-9.890632975625576e-09,7.489042810433175e-09,1.6001730526960381e-06,1.2820367753942866e-05,2.7946729388213157e-05,7.97744584333388e-05,0.0007545616934717189,210,5040,0.007228019683038431,1015.9095480305189,-1.0056015051013776e-06,4.780089554875993e-06,-1.8646987152048574e-05,2.6207979781812742,1.1503393424252801,161652.90032441946,0.0034402574205504603
BHDUSD=X,201,0,5025,log-return volatility,1,-9.828835987457055e-06,4.205869630257758e-06,0.021777211258267953,0.007724666243167125,0.2911966815340992,0.049135458468406557,5.532736949143336,209,5016,0.4003816332944574,320659.26439432934,0.00017438911392091684,0.00018364770991097758,4.8247947967131456e-05,38.6410561184339,2.9674772288244147,2376977.954265393,0.0231175303120563
BRL=X,223,0,4460,absolute log-return,1,-6.062121129440345e-07,1.0923637245604988e-07,0.0012711019683095991,8.286674827523481e-05,1.8518271951809528e-08,0.0004672308333231004,0.00033278645134722853,192,4416,-0.04220156893400632,65849.0253310912,-2.440079842145942e-07,3.000504240389573e-07,5.221751137607913e-07,0.814773423802885,-77.92495901047276,121589826.29777387,0.006729071183893612
BRL=X,153,0,4590,log-return,1,2.697424688551097e-07,4.412028776301446e-08,-0.00010775634456520775,3.86514931854339e-05,1.337656753663024e-06,0.0002236598891526592,0.00014571541363745172,192,4416,-0.0030362843235455044,12998.370554810868,-9.089964891405044e-08,9.67385730692608e-07,1.4343466101190137e-06,6.153533936549412,-31.62201071388836,135372734.68993372,0.007500760027903969
BRL=X,220,0,4400,log-return volatility,1,-0.00021436946308421147,1.692751622499788e-05,0.36576804135941726,0.01269574431174255,0.05764674364781985,0.07136507773607138,1.1529348726903295,192,4416,0.8059888171224963,1513549.6736424377,0.0007747636876918247,0.0041915293808357365,0.0001376955671237512,258.57616883855707,-1454.2884322379418,2730981264.551887,33.11500271072368
CAD=X,252,0,5040,absolute log-return,1,-4.0526543306118133e-07,5.5618934643232984e-08,0.0007118342516626508,4.7089724136539756e-05,3.958067075800099e-05,0.00027046263286370487,0.0007916134286187317,230,5060,9.585195084592439e-06,1.451010186383579e-06,1.1471414513850007e-07,5.56866346265914e-08,0.001273252908784292,0.0004548942481988394,-0.007088108220402175,0.0018847208439816605,0.0014513478370835199
CAD=X,233,0,4893,log-return,1,7.508417650098493e-08,9.637656941506801e-09,-3.854236667723295e-05,8.064267616669177e-06,-9.203682673287299e-08,4.625278351060666e-05,3.05203613278785e-05,252,5040,1.3064493440200049e-05,2.314157857115376e-06,2.512889068023853e-07,1.1676208594323172e-07,0.002030815626086965,0.0006050333309017116,-0.011603534062573627,0.0024394283121557453,0.0034323209374445135
CAD=X,245,0,4900,log-return volatility,1,-0.0015339282870516005,0.00018993868588670064,3.2504459864180015,0.15113688574223486,0.5496042591073084,0.8604518691200695,10.442480929745335,242,5082,0.019170690076741576,0.0034737755206269965,0.575025604904188,0.2521289597371512,3.1626035762170477,0.8378728925566149,-18.923661057391925,3.153495151574436,9178.289456373011
CHFUSD=X,252,0,5040,absolute log-return,1,-6.292272361837406e-07,8.108708648569296e-08,0.0008543336098210295,6.865237051564275e-05,0.0002544830112602327,0.00039430873952038195,0.005089660225736346,245,4900,1.37983705284153e-05,1.3949701399093915e-06,3.6918033600059343e-07,7.10062494325413e-08,0.0027379347151079403,0.000267051394263124,-0.014239374209575214,0.0011958531646957887,0.005657697109414855
CHFUSD=X,246,0,4920,log-return,1,-5.074638561156878e-08,9.630642183369845e-09,3.3401838635448874e-05,7.980189265263116e-06,2.099819106411634e-05,4.5661339715435235e-05,0.00041996382118760937,245,4900,1.7596502089342296e-05,1.6087900725805822e-06,6.469467232185572e-07,1.0599670192570496e-07,0.0037656289643727,0.0002898520130568782,-0.02053952664146041,0.0012256296376591167,0.011224154654318221
CHFUSD=X,231,0,4851,log-return volatility,1,-0.00037914767301585776,5.271878081951653e-05,0.6490854527131733,0.043298877805691596,0.1950703082164136,0.24333234527881906,3.70633585573932,245,4900,0.004188042118440747,0.00040408216098047515,0.038496466371522334,0.006419972546235691,0.9404405704550675,0.07029479618885986,-5.2931129459548805,0.2852403085167228,722.3840808594168
CNY=X,213,0,5325,absolute log-return,1,1.8595130617520947e-07,1.7927029238982602e-08,9.774337922072321e-05,3.519245865746502e-05,-0.0005893288398053944,0.00022721791220662379,0.012375905635941554,212,5300,9.049812115099952e-06,1.2621545611116228e-06,1.3147195514101558e-07,4.2617146016001283e-08,0.0014865392697208798,0.00029739266437975645,-0.0065045508317388605,0.0015553557715248278,0.0014253537270898467
CNY=X,218,0,5232,log-return,1,5.913868346000834e-08,9.074467265364177e-09,-0.00011095228134427515,1.7826224568326332e-05,0.0006045535214864614,0.00011503580092712436,0.011486516908150701,212,5300,8.940779154185762e-06,1.2950619239334243e-06,1.300452057218634e-07,4.313615147273778e-08,0.001483388915307063,0.0003016534576658918,-0.006493657012110128,0.0015770596542091096,0.0014199509005741661
CNY=X,218,0,5232,log-return volatility,1,0.00022114324796853867,6.140426339171971e-05,-0.7362917123335287,0.12062484269942947,11.140840624960845,0.7784135780288173,211.675971874256,214,5350,0.003924119847374547,0.0008926207929445542,0.019941236432517672,0.013382022950182157,0.49250283017600244,0.2840262660410738,-2.0229018954341824,1.5953336962829852,171.19439294405515
COP=X,228,0,5016,absolute log-return,1,6.441824104797961e-06,1.1059180154726824e-06,0.0001479837457779431,0.0009217902617419156,-8.068744546545663e-05,0.00525114138047676,0.0038081852712831903,222,4884,0.0006289503155065906,0.0002329987363198043,0.0008934955926004944,0.0005463864942089121,0.13936522638271698,0.03987391400441421,-0.6511319949557361,0.19751787046828445,13.859056416254619
COP=X,226,0,4972,log-return,1,1.5300144058067742e-07,6.276487723119364e-08,-7.731618157355863e-05,5.4022899051631454e-05,-3.2964596729441805e-05,0.00031154101451090016,0.0007772146948262019,222,4884,0.0006316521238561625,0.00023418680176033303,0.0009009594201450806,0.0005514946141835068,0.13993281840351832,0.04008342355051502,-0.653785825968422,0.19855513542758388,13.972215794906804
COP=X,240,0,4800,log-return volatility,1,-3.319027975527169e-06,6.258329610252759e-07,0.006337462563507361,0.0005076992468630094,0.002241722190622636,0.002876909094323528,0.04259272161891971,222,4884,8.150920967402323e-05,3.277685484283021e-05,1.5286102143584226e-05,1.0006129471047809e-05,0.01832349481575031,0.005553939203844962,-0.08596437771601989,0.027405722175144583,0.24056754897612523
EURCOP=X,105,0,4725,absolute log-return,1,-4.472497000334417e-07,7.38804949411686e-08,0.0010722252688233557,7.383163438697205e-05,-1.6245225780101797e-06,0.0004353734076567009,0.00032667913104188087,218,4360,0.0007096596542579826,11.02648530231034,6.129141594225114e-08,2.0377627232627258e-07,1.1065226056195931e-05,0.17209114782070012,-0.7418324193121207,11526.697377638493,0.0010431124261690058
EURCOP=X,229,0,4580,log-return,1,4.77961545844764e-08,1.4969542498368577e-08,-2.1974292919206292e-05,1.1645860350579475e-05,4.3400050418648624e-05,6.550076510614639e-05,0.0008246009578218274,218,4360,0.0015986806151037666,31.753215580041875,1.7949029027869813e-07,3.8556217756720246e-07,1.3465808311257335e-05,0.2676436182965667,-0.8726869987822012,17332.49366218854,0.001493329701787291
EURCOP=X,218,0,4360,log-return volatility,1,-0.0006273869345015735,7.132333884292303e-05,1.1241101458688718,0.051876069971849306,0.20817140411880353,0.2894142516972971,3.747085280183812,230,4600,1.1319500681494183,170067.48062205184,0.013089111825233968,0.03049799246775753,0.0014045804412268679,211.1655559515468,-966.39935425555,145194524.46796253,184.88032347165506
EURUSD=X,249,0,4980,absolute log-return,1,-4.7079425343507076e-07,7.310813184654149e-08,0.0008023612302816577,6.123851070394677e-05,5.638200018490872e-05,0.000351065589805669,0.0011276400037507146,216,4968,4.311569077300768e-05,0.000192499283594729,2.9836523456352855e-07,3.214004254012413e-07,0.000777966976200332,0.004208432389196076,-0.0004361278677413385,0.03806657648499397,5.6974751994023604e-05
EURUSD=X,227,0,4994,log-return,1,-4.2886277108807156e-08,9.058935937593231e-09,1.9142669132785155e-05,7.828076017790502e-06,1.800145424839925e-07,4.517443268779658e-05,2.733308855848221e-05,244,4880,2.66950513618575e-05,9.79300761197014e-06,4.6186771724615754e-07,3.736175651514071e-07,0.0019030621328065581,0.002009544519709814,-0.009636453592326469,0.009147251423337993,0.0025332857366391053
EURUSD=X,246,0,4920,log-return volatility,1,-0.0003497444129810473,4.4721084683063134e-05,0.6662088243021477,0.03714354268615174,0.14904252039309157,0.21168954731911202,2.831807886476232,244,4880,0.005399348229025724,0.0009952486589988338,0.02430945113771292,0.018238290015199707,0.49235633900200637,0.3791648038990867,-2.989679383444371,1.350328183923268,203.33806650682715
GBPUSD=X,246,0,4920,absolute log-return,1,-4.077353067249517e-07,6.84287563563857e-08,0.0007011931292233179,5.670176506888293e-05,0.00018690944487480797,0.0003244382531750042,0.0037381888971496848,250,5000,7.672442711134356e-06,2.061866230074431e-06,1.0342522688141342e-07,5.907103705333243e-08,0.0013936576088383534,0.00044330187444309563,-0.008001550382422394,0.0017680605376737915,0.0016225752631829947
GBPUSD=X,206,0,4944,log-return,1,-4.1454127230944955e-08,1.0229427289559613e-08,8.003825525173629e-06,9.005803492386306e-06,2.7954063454993247e-05,5.199444529848497e-05,0.0006429434593774641,250,5000,1.0138974457159799e-05,2.861563813563891e-06,2.1391277505759752e-07,1.1032704470903429e-07,0.0021701621831863244,0.0005317047362870474,-0.013113678591054924,0.001963835447503837,0.004140868527978867
GBPUSD=X,247,0,4940,log-return volatility,1,-0.0007238316486567224,0.00010209551134330548,1.4705942913060466,0.08440736089661142,0.36500652652599186,0.47856507960039407,6.9351240045526215,227,4994,0.006287542577774908,0.0020261069693277966,0.06853001921527209,0.046483342292269914,1.140824326014192,0.41953075687489993,-7.627591316264418,1.2702450947870698,1396.9682987914948
HKD=X,142,0,5396,absolute log-return,1,-2.149345840470573e-08,8.717509325233391e-09,5.500407219676143e-05,9.177139959856047e-06,-7.54092879885816e-05,5.554934760737947e-05,0.002639325079575092,103,5459,4.346005552292689e-06,2.815459544752723e-06,5.4127161847076365e-09,1.7267347714673763e-09,0.00013681370995784336,0.0001262443272094445,1.1837382094623932e-06,0.0012090652979903675,1.178450760698886e-07
HKD=X,94,0,5452,log-return,1,1.0194004493457539e-09,2.7987166516406425e-10,-5.727289321099633e-07,3.36874045098186e-07,-4.323379396917991e-08,2.0760790329454155e-06,2.7270116759552973e-06,41,5453,4.709560499422644e-06,1.5619433617675257e-06,6.235596123296241e-09,1.0600075275883213e-09,0.0001456998958008472,6.930672229654829e-05,-1.0071372055768124e-05,0.0006498438586957817,1.4496102585822295e-06
HKD=X,142,0,5396,log-return volatility,1,-0.0026695547785185307,0.00022763461021511932,4.940553258195489,0.23963666206033282,2.2013153974213826,1.4505235847621507,77.04603886538152,142,5396,6.590904460575468,48147.39245054848,2.1754144351836264,0.9671081104451309,0.03693587877304805,270.11649102057737,763.8257425726451,5582740.0689577125,7451.148266453325
HUF=X,199,0,4975,absolute log-return,1,-4.849044013632321e-07,1.1520726439111013e-07,0.0010635257242266063,0.00010303247641356078,3.031763715380973e-06,0.0005985977460118952,0.0004564437829147919,250,5000,2.0076497918662192e-05,1.948941132985777e-06,4.098420435672333e-07,1.678465521505184e-07,0.0021777755141810973,0.0008060840049677484,-0.010203830154667956,0.004052938635409233,0.0032333347988089713
HUF=X,201,0,4824,log-return,1,1.0291717848876462e-07,1.93402672937872e-08,-3.0218516169630978e-05,1.662430472858834e-05,-7.052647191625448e-05,9.590057755195513e-05,0.0016926353257199237,250,5000,2.7078645502296746e-05,2.653070659155934e-06,8.940276692132938e-07,2.987167997765225e-07,0.0034980262875921406,0.000893136128304649,-0.017392812088338195,0.0042378731127700455,0.008852530844183715
HUF=X,250,0,5000,log-return volatility,1,-0.0006267778566353771,6.432892784706795e-05,1.3828049177500197,0.054077871867568295,0.19063882811880362,0.3102108810659538,3.812776547719826,250,5000,0.010889799203463647,0.001107456554776007,0.14061845334003076,0.050849424701206826,1.3695079286194622,0.38833143409507886,-7.006515970967693,1.7875219949649535,1396.179292537131
IDR=X,258,0,5418,absolute log-return,1,1.7703631058876782e-07,2.476299141376072e-07,0.0008056989343784466,0.00022698196268089752,0.0002492236298301809,0.0013227836771612176,0.0052336962269299014,255,5355,0.0002663565986702346,2.9602775029097407e-05,0.0001269108477913484,3.0825970274285136e-05,0.048518626345325055,0.00689088198790452,-0.22083969942439055,0.03621869053289038,1.5688006606410634
IDR=X,265,0,5300,log-return,1,1.3003056993129725e-07,3.079946102645632e-08,-4.4414750416787085e-05,2.7343644353102425e-05,-0.00012433142149719016,0.00015791598884056272,0.0023622970084466134,255,5355,0.0002675225103064427,2.964937445280664e-05,0.00012826474858559258,3.1005691115456516e-05,0.048819172480823035,0.006888391026156485,-0.2224638283333325,0.03616988447782566,1.5901274620321875
IDR=X,265,0,5300,log-return volatility,1,-6.927549572278895e-06,1.2497645153842646e-06,0.0169810692311453,0.0011095362053223528,0.004956593934284219,0.006407832879859277,0.09417528475723314,255,5355,0.0003067805148168181,2.984287209473091e-05,0.00018328433482123855,3.577913612927229e-05,0.06057330331957017,0.006406418246534679,-0.2893244441400264,0.03224989482721316,2.5659516139788985
INR=X,239,0,4780,absolute log-return,1,1.5909454154928007e-07,6.354928887130079e-08,0.00036414216985684877,5.1508347398133374e-05,-0.0001366599444496243,0.00029086395732295397,0.0024598789998457765,239,4780,1.2502956986912627e-05,8.169341102777747e-07,2.13172878635502e-07,3.684399273037538e-08,0.0017754268246415819,0.00020656856978346313,-0.007934175075093346,0.0010570838888389615,0.0018193580683828325
INR=X,219,0,4818,log-return,1,4.432879035469216e-08,1.046464586348693e-08,-7.413685455846229e-06,8.471766385415894e-06,1.9674729838831802e-07,4.855246975419614e-05,3.614893966941962e-05,239,4780,1.582693363779124e-05,9.68744162835524e-07,3.292324674672636e-07,5.6033574865145364e-08,0.0021688203425217233,0.0002571728720616253,-0.009672346018590156,0.001318369940430404,0.0027093741644318723
INR=X,235,0,4935,log-return volatility,1,-0.0008480738937610999,0.00011334485741007483,1.8246573471727852,0.09213906530193187,0.3912907348326571,0.5238677052377927,7.434523961634246,239,4780,0.015081035010466983,0.0010095101788245376,0.3144824406993818,0.054657654884023445,2.173049724124783,0.2503696579882617,-10.452188180203517,1.1969684215072294,2933.5293331016637
JODUSD=X,58,0,4234,absolute log-return,1,-2.160718103606076e-07,6.341545275241978e-08,-0.000787152227273941,8.31820186169992e-05,0.008555106114938014,0.0005031106518086634,0.3764246690572426,58,4234,0.0029126307495326697,279.42695711804913,3.0554877001552123e-08,1.8960888744291372e-08,1.2611910263620707e-06,0.12099461941379581,-0.2108648511614194,20228.611941076117,8.548525027353785e-05
JODUSD=X,44,0,4752,log-return,1,5.281982301223705e-10,2.0767007681226755e-09,2.4815781269355853e-06,2.916112666970004e-06,-2.2697402553359888e-05,1.7888215015427364e-05,0.0012029623353342095,58,4234,-2.2935079672810743e-06,1.6752364902713763e-06,-2.1209987485926148e-08,1.3379969629124459e-08,0.0009864599778450884,0.00010922326340509231,-0.010031480048754109,0.0001892283244158995,0.0031805386429616315
JODUSD=X,58,0,4234,log-return volatility,1,-0.001532858841344698,0.00046096796274509166,-5.198981831999817,0.6046514655962202,74.131123351606,3.6571196487258293,3261.7694274706655,58,4234,4.17463834967282,41156.59068839942,0.5931008539355838,0.38659539160073125,0.017760939030104436,175.23274988792457,-1539.0634862922752,15172418.974388825,8785.778330286073
JPY=X,319,0,6699,absolute log-return,1,-5.470370380788484e-07,6.493055567334776e-08,0.0008986602726954663,7.083207015684428e-05,0.00025666094704771594,0.0004178917863423348,0.004876557994675702,319,6699,8.70231941880712e-06,3.0882523720826892e-06,1.85291693909394e-07,1.329885750998354e-07,0.0021378554455069114,0.0008163113729704072,-0.012934863148339646,0.00348206906605348,0.0039683336419817205
JPY=X,319,0,6699,log-return,1,-1.311348201177639e-08,1.110553807077684e-08,-2.221518328696692e-07,1.2114917235477898e-05,4.989710639949622e-05,7.14750300349291e-05,0.0009480450213477274,319,6699,5.940795269757216e-06,5.762274723004244e-06,1.2117167956891576e-07,1.8674893046522886e-07,0.002060071764008674,0.0011895874465364762,-0.016363984538231267,0.002890590180997192,0.0048377071537029515
JPY=X,319,0,6699,log-return volatility,1,-0.00027145583498214526,3.522896017963572e-05,0.6347668404071551,0.038430912770421315,0.1711140740962501,0.22673290429599055,3.2511674023053976,319,6699,-0.00031495535652343557,0.0031923090086483272,-0.000980572192015211,0.00856937854405331,0.3025881730777256,0.37163518162632275,-4.439211592074636,1.671030665535237,192.7640841104075
KWDUSD=X,147,0,4998,absolute log-return,1,-4.1825060697138993e-07,1.1793279518621613e-07,0.0004512480843738957,0.00019821123563812677,6.325385351226816e-06,0.001231957812968432,0.0003416568608409857,197,4925,1.4426638758261185e-05,2.0640808698025623e-06,1.6781259871651332e-07,8.449832518750781e-08,0.0012534080944334835,0.0006550545510730399,-0.0048348511050876515,0.0036863755383411277,0.0008318000650379881
KWDUSD=X,106,0,4982,log-return,1,-2.078937344130938e-08,5.367628548550985e-09,8.696824289471177e-06,9.434935583009482e-06,3.939299136758629e-06,5.9793179630067583e-05,0.00014969336747208635,197,4925,1.5528703023244116e-05,2.1840904037759004e-06,2.2923869812683304e-07,1.2321434638272272e-07,0.0015905849490437855,0.0007527073853229121,-0.007186208311395013,0.0037470989114347856,0.0015689173748873859
KWDUSD=X,197,0,4925,log-return volatility,1,-0.0010325564507946848,0.00020308145995596983,1.1844578794669134,0.36116164172368787,4.955935176892185,2.292579515247748,89.20683318241174,197,4925,0.018343368784089705,0.0024937078881588624,0.36096888576740654,0.16721971212726827,2.1014817841836253,0.7731855809141133,-9.902057070277165,3.7020504778692476,2856.2411062516294
KYDUSD=X,60,0,3960,absolute log-return,1,3.0028534213655996e-05,2.3442936289287804e-06,-0.06777546447313872,0.003453364890890237,0.455419537013623,0.021554991883819874,26.41433314679014,60,3960,0.0004103023846009305,1.907170576886459e-05,0.00044286293294483546,2.6187634248211126e-05,0.1084691043967803,0.0019317147265317783,-0.5706152619202949,0.00782696382788195,27.033100219579268
KYDUSD=X,60,0,3960,log-return,1,3.27526917471457e-05,2.307273471822288e-06,-0.06694130272067882,0.0033988307903044406,0.435907040300381,0.02121460432695018,25.28260833742206,60,3960,0.00038782933965989327,2.9277484854813994e-05,0.000417640468615665,3.9294778240056166e-05,0.10768089539321213,0.0029197724744349602,-0.573267341670817,0.011659834807362681,26.961391706497388
KYDUSD=X,60,0,3960,log-return volatility,1,0.0008577891232285113,5.771954666806458e-05,-2.176856632576076,0.08502631865245328,16.22190351630096,0.5307118370376724,940.8704039454551,60,3960,0.016773286445846976,0.0006292727725975854,0.7165679299399722,0.03463762945746364,4.30611463381264,0.06435989339347857,-22.501708531497936,0.26286888677762127,42320.17781471676
MXN=X,193,0,5018,absolute log-return,1,9.437019563735649e-08,5.700602111789285e-08,0.0005966601632508768,5.1966610804230996e-05,8.409352543477832e-07,0.0003029540076644412,0.00021431588793298023,212,4876,2.9734819307758556e-05,0.00010017794811805451,1.5251936381768724e-07,1.30888944109193e-07,0.0005635531254361858,0.002333752497100495,-0.00023803852027709155,0.021264939068324752,2.1533456934906096e-05
MXN=X,240,0,4800,log-return,1,4.6102468998974526e-08,1.010296046642047e-08,-6.1066768682932045e-06,8.189025179517033e-06,-4.0985634935582206e-07,4.667395993990673e-05,3.435939269168005e-05,212,4876,2.0483659189538614e-05,5.266748701374359e-06,2.850917343449842e-07,1.6901354027854383e-07,0.0014867172772582526,0.0011422967189353753,-0.006817983237545732,0.0056867869258067335,0.001627501583389586
MXN=X,242,0,4840,log-return volatility,1,-0.0004834427844042136,7.182993655006292e-05,1.161451512855266,0.05859333581045472,0.25041504696884853,0.3342886499962984,4.75788590225805,212,4876,0.008155190701903074,0.0010432305129867612,0.062028652419712185,0.03334810288921392,0.8085569008129958,0.41442616932669935,-4.336561595163782,1.7460327252623464,562.9813407488242
MYR=X,81,0,5022,absolute log-return,1,1.337143982739425e-08,6.964828505654244e-08,0.0004688178326916907,7.904729791670891e-05,1.6005938386554284e-07,0.0004742306677448059,0.0004025457545921911,223,4906,0.014474169964408458,3387.08435943778,1.2176817072570905e-07,2.3053178049616512e-08,9.573644597424581e-07,0.22403190054138886,0.0005798225977072375,137.93820515866085,2.0228379872350205e-06
MYR=X,217,0,4774,log-return,1,4.3249988937813045e-08,1.0017845756608412e-08,-2.2499955866657022e-05,7.65088004955396e-06,2.163172785218832e-05,4.353203317355732e-05,0.0004110028291829204,220,4840,5.126855118952597e-05,0.00020227576817061953,1.9951578556408433e-07,8.154778456434088e-08,0.00043624121062964434,0.0018789280643300853,6.678199774039418e-05,0.018268692079027718,5.045794035579122e-06
MYR=X,243,0,4860,log-return volatility,1,-0.0011141596596002078,0.00011899823811772445,2.143175655211068,0.09705105036707778,0.4449677593221452,0.5542584560809826,8.454387427526823,238,4998,0.3631771568462586,93.3299505606334,0.19735230643629445,0.09346179592532039,0.0611082734807788,15.72927183014511,-1.6347661341731483,270.0595262687785,14.491599010049486
NZD=X,249,0,4980,absolute log-return,1,-6.245613009134382e-07,8.414209730410915e-08,0.0010348628515460066,7.048098928120211e-05,0.00011822957985173661,0.0004040508174184719,0.002364591597571592,249,4980,1.3818224627948755e-05,2.2613325901119148e-06,3.369038802669248e-07,1.1622869437317082e-07,0.002541128696871778,0.00047689871772031294,-0.01401314688607257,0.002004306175901073,0.005178562889991253
NZD=X,199,0,4975,log-return,1,2.4808317159028895e-08,1.0669356647090227e-08,-1.4614710616023022e-05,9.541775848606696e-06,-1.406015519813964e-07,5.5436468972549816e-05,3.483196347514376e-05,164,4920,0.00040775655856613345,26.286732858348493,1.1121067944882464e-08,2.202491655942989e-07,5.803292948529432e-06,0.37170035544490937,-2.1814388215673635,140647.14873053375,0.0027891584244946017
NZD=X,248,0,4960,log-return volatility,1,-0.0009630127466549439,0.00011284112962551505,1.8073968996583283,0.09418147208351042,0.3958868243408991,0.5395783647508079,7.917736485044768,249,4980,0.010610834473374995,0.0017572622475314512,0.21158458520676632,0.06961287187186352,2.0744866350322715,0.3498793589362016,-12.131453756398832,1.3560592906204327,3659.9103551628837
OMRUSD=X,59,0,5015,absolute log-return,1,-1.8344844251576607e-07,4.835974734517467e-08,0.0002013348708116267,8.168941272205029e-05,0.00031539412326498555,0.0005132280645650915,0.02176219450537343,113,4972,0.03795951161153271,150865.4556498456,7.191197397334868e-08,2.5471981190423408e-08,2.1777919057393815e-07,0.8655369090650417,-1.5925601618813214,6329428.160942216,9.617560117766427e-05
OMRUSD=X,112,0,4928,log-return,1,5.338426315143998e-09,1.1994370443229536e-08,4.231345323060549e-06,2.0075466374891116e-05,-5.4204571025940025e-05,0.00012553280108340738,0.002005569127955738,58,4988,0.004904352344438381,425.48444884389886,9.538294424812287e-08,4.559954731838411e-08,2.215688372221052e-06,0.19232175711016522,0.1694579108494428,14703.431669922567,0.00018054495261950702
OMRUSD=X,59,0,5015,log-return volatility,1,-0.0004026459369951435,0.0001340724352767188,1.1598488329231051,0.22647550739343394,3.648065764588272,1.4228720682891378,251.71653775778822,58,4988,0.037148370108666076,0.01636632925429707,0.46780329112050983,0.1399956242067994,1.387273633761141,0.9512075384539815,-3.511526964733129,6.7100441863183145,2342.609334145187
PHP=X,104,0,4992,absolute log-return,1,-2.79629473335536e-07,6.711520158350209e-08,0.0005587076190655968,0.00011686121379463167,-1.579162296644977e-06,0.0007384068225344414,0.0001889435712919828,209,4807,7.16255535990915e-06,1.784232459186809e-06,5.043226930988142e-08,4.8522842794690156e-08,0.0007149537931386105,0.0006774710706114319,-0.003616858737282567,0.0030614203096137895,0.00041273017433074774
PHP=X,181,0,4887,log-return,1,1.4266577824117718e-07,2.4471671239672224e-08,-0.00019398094523058557,4.3155056634445386e-05,0.0010115253509865938,0.00027254931068313403,0.024276608423666232,198,4950,1.3765812886638455e-05,1.089347230891178e-05,8.157244646419748e-08,5.967799431189748e-08,0.0006393299218157612,0.000927002757548029,-0.004660240570468969,0.0021087144943498256,0.000503446342968769
PHP=X,193,0,4825,log-return volatility,1,-0.0002805990527860223,2.5032272435095154e-05,0.644713649558613,0.04427078038945204,1.2826714965930486,0.28109627234522255,28.21877292504709,198,4950,0.005798972600679113,0.0004403024314063819,0.03079677771134244,0.010184035701947402,0.5674053253021665,0.1782450704767423,-3.3026277759539084,0.656438264942357,316.6454754486893
RUB=X,208,0,4784,absolute log-return,1,1.7538521651821926e-06,1.8844306791190595e-07,0.00012800846958641523,0.00015912307319416782,-8.621653109859554e-06,0.0009120601262896091,0.0006308184595297345,164,4592,-3.5122184870697845e-05,0.00035198142056209255,-8.391235632612409e-07,7.059644242709785e-05,0.023511466426464962,0.028043473559280434,-0.12617225723950717,0.11361543811360549,0.6035173823697023
RUB=X,201,0,4824,log-return,1,1.0780864288115001e-07,1.9476698545258963e-08,-2.2263759946400035e-05,1.621905031692849e-05,-1.939750328863186e-05,9.188730672824638e-05,0.00042674507286265663,164,4592,-3.399962991700694e-05,0.0003499751922544956,-5.954118040300098e-07,7.085441840406208e-05,0.023627989684399376,0.028004874073363103,-0.12662969384179615,0.11365620827008108,0.6087073112926059
RUB=X,224,0,4704,log-return volatility,1,-6.038609757543946e-06,7.770785990521118e-07,0.008886862103086821,0.0006061957182078194,0.0029049221300410325,0.003446059882963489,0.058098442585575866,213,4899,-2.978330486365761e-06,9.28763750963297e-05,4.241837973136087e-07,6.321786685329592e-06,0.007268001631113325,0.008766951669771109,-0.039207916739385146,0.03706497030169103,0.04777273491262174
SEK=X,263,0,5260,absolute log-return,1,-2.7896552324623097e-07,6.328576125508877e-08,0.0008359377068867437,5.566483817471314e-05,-1.5743242258068152e-06,0.0003218622988056364,0.0002480252492177883,259,5439,1.1035189303848095e-05,1.6719894022642668e-06,1.5948694024559866e-07,8.176705336746523e-08,0.0015205715165871703,0.0005955448736966502,-0.008675452372277943,0.0024865173563431674,0.002041011932088581
SEK=X,49,0,5439,log-return,1,1.276287193526523e-07,1.0570791970532459e-08,-7.062954805311285e-05,1.432439108320923e-05,-2.9459140291603594e-06,8.77738026803467e-05,0.00032850051783768713,259,5439,1.6212909409119556e-05,2.014823136450748e-06,3.79606069911007e-07,1.3842564610024427e-07,0.0024489785727378303,0.0006260004646227398,-0.013722507221383374,0.002676383849262944,0.005199539883265553
SEK=X,267,0,5340,log-return volatility,1,-0.0006154783068932351,7.512768590033523e-05,1.523523617782426,0.06697883182208272,0.2815205136080768,0.388187550687125,5.630410270564367,259,5439,0.008900693993625992,0.0011666180553455828,0.1248334028330278,0.042652653001099106,1.459361850056,0.32368753403775796,-8.352690455643954,1.3457002870061363,1885.9744404409066
SGD=X,248,0,4960,absolute log-return,1,-8.761206056759102e-08,2.8854281857459286e-08,0.00033645784426613744,2.4082868272176963e-05,3.4532844374270306e-05,0.00013797402982546785,0.0006906568875554339,237,4977,6.0136428412815345e-06,5.502832609913207e-07,5.477920998167519e-08,1.23646261593665e-08,0.0009472814255191218,0.0001348192593292665,-0.004765940112952932,0.0006265212843049077,0.0006534851234249351
SGD=X,110,0,4950,log-return,1,3.9452777115908314e-08,3.970129639369854e-09,-2.7026196298633342e-05,4.140443284814198e-06,3.514864632737735e-07,2.4598534797425048e-05,2.362344553545404e-05,237,4977,8.009767089132202e-06,7.649218834014126e-07,1.0613591486194894e-07,2.257835580906376e-08,0.0013714013165007674,0.0001700504430195482,-0.00715990868064307,0.0007584857723430488,0.0014212817389248251
SGD=X,248,0,4960,log-return volatility,1,-0.002227325045594133,0.00026342576816292457,5.281923894855358,0.21986509938011464,0.9519630900573542,1.2596367894630693,19.039261851525485,237,4977,0.03445926383134958,0.00347783896095875,1.9702157407848142,0.4415284071064689,5.917628259491147,0.770656656918146,-31.91219509951436,3.3071756631591187,27334.584505136678
THB=X,241,0,4820,absolute log-return,1,-2.1799924080879727e-08,1.0531297407823913e-07,0.0005807735285111445,8.36382733639805e-05,-0.00025034511225563585,0.00047089239416697824,0.004756557142450623,197,4925,1.84182726638613e-05,1.2679953982061687e-06,2.780254169462292e-07,6.912249982018678e-08,0.001609606669853218,0.0004261615658396342,-0.006249370130078867,0.0024010531365914176,0.001687986924960249
THB=X,29,0,4988,log-return,1,2.664362459143346e-08,8.309613963777158e-09,-1.9947779968336595e-05,1.0868767664994938e-05,-7.139570524467029e-08,6.585150012310419e-05,4.856662221727277e-05,238,4998,2.2916264842816496e-05,1.3071556843539655e-06,5.079519997582341e-07,1.20051613433222e-07,0.002351259969109187,0.0005297753809081695,-0.00975402173891413,0.0029327376828139737,0.003509536639743847
THB=X,241,0,4820,log-return volatility,1,-0.0004948195090674894,7.753334803273313e-05,1.5494679599441121,0.06157601002395399,0.16607844321470386,0.34667956854914544,3.1554904183785633,238,4998,0.01541487335853444,0.0009218346199709709,0.26550051834060284,0.06011002572567207,1.8153767677499364,0.3435615928650661,-8.384563569640152,1.7422140744877093,2329.232380971734
ZAR=X,248,0,4960,absolute log-return,1,-9.561556638691e-07,1.7459113836483207e-07,0.0013530995974837495,0.00014606057242403167,0.0006084733584860311,0.0008334970351049609,0.011560993809601388,248,4960,1.5521786449391083e-05,3.876125796596283e-06,5.082959712767941e-07,2.2646463424370917e-07,0.003381654635695658,0.0006909754729097045,-0.01980342485843332,0.002656745215544338,0.00921230479917111
ZAR=X,227,0,4994,log-return,1,4.1205089897711226e-09,1.3073756375638532e-08,2.2786384513997277e-05,1.1297436799784428e-05,-1.4330496591008015e-07,6.519545136315951e-05,4.277677540060926e-05,248,4960,2.0557829219832024e-05,4.716228614730743e-06,1.0643707253036612e-06,3.8631092606132105e-07,0.0052696996990193885,0.000756384536978782,-0.0314537051732418,0.002824919658666857,0.022801135278705024
ZAR=X,248,0,4960,log-return volatility,1,-0.00043833109934782237,5.771660548567608e-05,0.7820266174800578,0.04828492200154699,0.22263382572680943,0.27553875656676524,4.230042687692027,248,4960,0.0038350581246256858,0.0008070534268597012,0.03872960173858341,0.01256048948335839,1.0246511305291532,0.12648013976923658,-6.200548527351741,0.4621714162059967,873.9869521502806
